Customer ID,Account Holder Name,Balance,Overdraft
83020817828620,A KRISHNA MOHAN,56000,Yes
71319440983198,A M MAYANNA,224000,No
69652133523248,HDFC BANK -(CHENNAI),223997,Yes
78195245302715,A RAJESH KUMAR,35000,Yes
47468155457802,A S VIJAY KUMAR,56000,No
45766734966995,ABHISHEK BIYANI,224000,No
87139550565094,ABHITHA,223997,No
39145971759304,ABRAHAM VARGHESE,5200,No
83411975607693,ABY GEORGE,15400,No
45002608912874,HDFC BANK -(MUMBAI),56001,No
15510851190541,AJAY SHAMU KUMAR,224004,No
64059555180495,AKSHAYA WEALTH MANAGEMENT (P) LTD,224001,No
42895235807723,HDFC BANK -(DELHI),1120005,No
34835543999244,ANAND L S,56001,No
76396804083946,ANANTHAKUMAR,224004,No
14783038759432,ANANTHAMURTHY SHAMASUNDARA,100,Yes
87030077359017,ANIL GUPTA,25600,No
37437137526069,ANIL KUMAR,35800,No
69443662887399,ANIL KUMAR NAGARAJ,56001,Yes
27216037942722,HDFC BANK -(GOA),224004,Yes
77236671175938,ANIL V GORUR,224001,Yes
79594243111085,ANITA B MEHTA,-25000,Yes
46957845854316,ANITHA B ASHWATH,56001,Yes
61331727051606,ANJAN KUMAR G,224004,Yes
64754104823235,ANKITA BANERJEE,224001,No
80505259371358,ANNUKA NIRVAN,76334,No
63615912257030,ANU,76334,No
13645221972859,ANUPAMA N,95000,No
17308739433267,AREEFIKBAL T F,65000,No
57577094248867,ARJUN PARAMESWARA,508250,No
89479615455884,ARPITHA M S,-350,No
27225043545104,ASADI LINGAREDDY,1556002,No
20050293665889,ASHAJYOTHI M,224008,No
81181212472499,ASHISH MISHRA,224005,No
71928505646815,ASHOK H R,46000,No
49823469696097,ASHOKA AR,56200,Yes
98196009547795,AVISHEK MUKHERJEE,56002,No
79029264231605,AYISHA KAUSAR,224008,No
53853797183656,B A SANTOSH,224005,No
57792220815896,B JAYARAM,1120025,No
72153770404022,B PRAKASH BABU,0,Yes
